use antojitos;
insert into ingredientes (idIngrediente,Ingrediente,Costo,Cantidad)
values (1,'Pan',2,100);
insert into ingredientes (idIngrediente,Ingrediente,Costo,Cantidad)
values (2,'Tortilla',14,20);
insert into ingredientes (idIngrediente,Ingrediente,Costo,Cantidad)
values (3,'Queso',80,3);
insert into ingredientes (idIngrediente,Ingrediente,Costo,Cantidad)
values (4,'Salsa',60,3);
insert into ingredientes (idIngrediente,Ingrediente,Costo,Cantidad)
values (5,'Bistec',80,2);
insert into ingredientes (idIngrediente,Ingrediente,Costo,Cantidad)
values (6,'Salchicha',56,1);
insert into ingredientes (idIngrediente,Ingrediente,Costo,Cantidad)
values (7,'Frijoles',22,2);
insert into ingredientes (idIngrediente,Ingrediente,Costo,Cantidad)
values (8,'Huevo',32,1);
insert into ingredientes (idIngrediente,Ingrediente,Costo,Cantidad)
values (9,'Molleja',20,2);
insert into ingredientes (idIngrediente,Ingrediente,Costo,Cantidad)
values (10,'Papas',15,3);
insert into ingredientes (idIngrediente,Ingrediente,Costo,Cantidad)
values (11,'Lechuga',10,4);
insert into ingredientes (idIngrediente,Ingrediente,Costo,Cantidad)
values (12,'Pierna',40,1);
insert into antojitos (idAntojito,Antojitos,Precio,ingrediente_idIngrediente)
values (1,'G. Sencillo',14,1);
insert into antojitos (idAntojito,Antojitos,Precio,ingrediente_idIngrediente)
values (2,'G. Queso',17,1);
insert into antojitos (idAntojito,Antojitos,Precio,ingrediente_idIngrediente)
values (3,'G. Bistec',17,1);
insert into antojitos (idAntojito,Antojitos,Precio,ingrediente_idIngrediente)
values (4,'G. Salchicha',17,1);
insert into antojitos (idAntojito,Antojitos,Precio,ingrediente_idIngrediente)
values (5,'G. Molleja',17,1);
insert into antojitos (idAntojito,Antojitos,Precio,ingrediente_idIngrediente)
values (6,'G. Huevo',17,1);
insert into antojitos (idAntojito,Antojitos,Precio,ingrediente_idIngrediente)
values (7,'G. Pierna',17,1);
insert into antojitos (idAntojito,Antojitos,Precio,ingrediente_idIngrediente)
values (8,'G. Doble',20,1);
insert into antojitos (idAntojito,Antojitos,Precio,ingrediente_idIngrediente)
values (10,'Enchilada Sencilla (6)',10,2);
insert into antojitos (idAntojito,Antojitos,Precio,ingrediente_idIngrediente)
values (11,'Enchilada Preparada (4)',10,2);
insert into antojitos (idAntojito,Antojitos,Precio,ingrediente_idIngrediente)
values (12,'Enfrijolada (6)',10,2);
insert into antojitos (idAntojito,Antojitos,Precio,ingrediente_idIngrediente)
values (13,'Papas Locas',20,10);
insert into antojitos (idAntojito,Antojitos,Precio,ingrediente_idIngrediente)
values (14,'Quesadilla Sencilla',10,2);
insert into antojitos (idAntojito,Antojitos,Precio,ingrediente_idIngrediente)
values (15,'Quesadilla Preparada',15,2);
insert into ingredientes (idIngrediente,Ingrediente,Costo,Cantidad)
values (13,'Tortilla Burrito',20,3);
insert into antojitos (idAntojito,Antojitos,Precio,ingrediente_idIngrediente)
values (16,'Burrito Sencillo',25,13);
insert into antojitos (idAntojito,Antojitos,Precio,ingrediente_idIngrediente)
values (17,'Burrito Preparado',30,13);
insert into antojitos (idAntojito,Antojitos,Precio,ingrediente_idIngrediente)
values (19,'Huevos Preparados',15,8);
insert into antojitos (idAntojito,Antojitos,Precio,ingrediente_idIngrediente)
values (20,'Morelianas',5,2);
insert into cliente (Direccion,No_Telefono)
values ('Calle 6 No. 25',7752021013);
insert into cliente (Direccion,No_Telefono)
values ('Calle Encinos No. 3',7754670834);
insert into cliente (Direccion,No_Telefono)
values ('Calle 2 Casa verde',202101358);
insert into cliente (Direccion,No_Telefono)
values ('Calle  No. 25',7752021013);
insert into cliente (Direccion,No_Telefono)
values ('Calle  No. 25',7752021013);
insert into cliente (Direccion,No_Telefono)
values ('Calle 6 No. 25',7752021013);
insert into cliente (Direccion,No_Telefono)
values ('Calle Encinos No. 3',7754670834);
insert into cliente (Direccion,No_Telefono)
values ('Calle 2 Casa verde',202101358);
insert into cliente (Direccion,No_Telefono)
values ('Calle  No. 25',7752021013);
insert into cliente (Direccion,No_Telefono)
values ('Calle  No. 3',7752561012);
#datos +10
insert into cliente (Direccion,No_Telefono)
values ('Calle Girasol casa verde',7751387645);
insert into cliente (Direccion,No_Telefono)
values ('Calle Encinos No. 6',7754210704);
insert into cliente (Direccion,No_Telefono)
values ('Calle 30 Casa blanca',7754903210);
insert into cliente (Direccion,No_Telefono)
values ('Calle  Esmeralda',7751559876);
insert into cliente (Direccion,No_Telefono)
values ('Calle 7 No. 50',7712340980);
insert into cliente (Direccion,No_Telefono)
values ('Calle 10 casa amarilla',7753002100);
insert into cliente (Direccion,No_Telefono)
values ('Calle Encinos No. 10',7754546834);
insert into cliente (Direccion,No_Telefono)
values ('Calle Diamante No. 7',7753460087);
insert into cliente (Direccion,No_Telefono)
values ('Calle 11 No. 30',7711108976);
insert into cliente (Direccion,No_Telefono)
values ('Calle 12 Casa verde',7728990213);
#datos +10
insert into cliente (Direccion,No_Telefono)
values ('Calle 8 No. 20',7752130987);
insert into cliente (Direccion,No_Telefono)
values ('Calle Zafiro Casa blanca',7751103375);
insert into cliente (Direccion,No_Telefono)
values ('Calle 2 No.2',7751347890);
insert into cliente (Direccion,No_Telefono)
values ('Calle 10 No. 20',7711989130);
insert into cliente (Direccion,No_Telefono)
values ('Calle 4 No. 57',7753219067);
insert into cliente (Direccion,No_Telefono)
values ('Calle 4 Casa azul',7759791235);
insert into cliente (Direccion,No_Telefono)
values ('Calle Encinos No. 10',7754900022);
insert into cliente (Direccion,No_Telefono)
values ('Calle 10 Casa verde',7715674890);
insert into cliente (Direccion,No_Telefono)
values ('Calle 25 No. 14',7757513456);
insert into cliente (Direccion,No_Telefono)
values ('Calle 6 No. 15',77531245);
#Otros 10+
insert into cliente (Direccion,No_Telefono)
values ('Calle 6 No. 15',7753210967);
insert into cliente (Direccion,No_Telefono)
values ('Calle Encinos No. 1',7754468907);
insert into cliente (Direccion,No_Telefono)
values ('Calle 2 No. 54',7758904567);
insert into cliente (Direccion,No_Telefono)
values ('Calle 10 No. 25',7751380943);
insert into cliente (Direccion,No_Telefono)
values ('Calle 7 No. 8',7751348901);
insert into cliente (Direccion,No_Telefono)
values ('Calle Azucenas No. 4',7756904321);
insert into cliente (Direccion,No_Telefono)
values ('Calle Azaleas Casa azul',7753464532);
insert into cliente (Direccion,No_Telefono)
values ('Calle 15 No. 30',7756145342);
insert into cliente (Direccion,No_Telefono)
values ('Calle 20 Farmacia',7754321675);
insert into cliente (Direccion,No_Telefono)
values ('Calle 1 No. 1',7750234581);
#Agregar pedidos
use antojitos;
insert into pedido (Costo_total, cliente_idCliente, antojito_idAntojito)
values(14,11,1);
insert into pedido (Costo_total, cliente_idCliente, antojito_idAntojito)
values(17,12,2);
insert into pedido (Costo_total, cliente_idCliente, antojito_idAntojito)
values(17,13,3);
insert into pedido (Costo_total, cliente_idCliente, antojito_idAntojito)
values(50,14,17);
insert into pedido (Costo_total, cliente_idCliente, antojito_idAntojito)
values(20,16,13);
insert into pedido (Costo_total, cliente_idCliente, antojito_idAntojito)
values(100,17,17);
insert into pedido (Costo_total, cliente_idCliente, antojito_idAntojito)
values(80,18,16);
insert into pedido (Costo_total, cliente_idCliente, antojito_idAntojito)
values(200,19,10);
insert into pedido (Costo_total, cliente_idCliente, antojito_idAntojito)
values(10,12,11);
insert into pedido (Costo_total, cliente_idCliente, antojito_idAntojito)
values(20,20,8);
insert into pedido (Costo_total, cliente_idCliente, antojito_idAntojito)
values(50,21,7);
insert into pedido (Costo_total, cliente_idCliente, antojito_idAntojito)
values(70,22,15);
insert into pedido (Costo_total, cliente_idCliente, antojito_idAntojito)
values(20,23,13);
insert into pedido (Costo_total, cliente_idCliente, antojito_idAntojito)
values(120,24,17);
insert into pedido (Costo_total, cliente_idCliente, antojito_idAntojito)
values(100,25,19);
insert into pedido (Costo_total, cliente_idCliente, antojito_idAntojito)
values(17,26,15);
insert into pedido (Costo_total, cliente_idCliente, antojito_idAntojito)
values(30,27,20);
insert into pedido (Costo_total, cliente_idCliente, antojito_idAntojito)
values(50,28,1);
insert into pedido (Costo_total, cliente_idCliente, antojito_idAntojito)
values(90,29,6);
insert into pedido (Costo_total, cliente_idCliente, antojito_idAntojito)
values(30,30,10);
insert into pedido (Costo_total, cliente_idCliente, antojito_idAntojito)
values(60,31,17);
insert into pedido (Costo_total, cliente_idCliente, antojito_idAntojito)
values(15,32,15);
insert into pedido (Costo_total, cliente_idCliente, antojito_idAntojito)
values(30,13,12);
insert into pedido (Costo_total, cliente_idCliente, antojito_idAntojito)
values(35,34,15);
insert into pedido (Costo_total, cliente_idCliente, antojito_idAntojito)
values(15,35,15);
insert into pedido (Costo_total, cliente_idCliente, antojito_idAntojito)
values(50,36,9);
insert into pedido (Costo_total, cliente_idCliente, antojito_idAntojito)
values(100,37,13);